prime_rate_CA,unemployment_CA,consumer_price_index_CA,GDP_CA,industrial_price_index_CA
3.75,12907302, 97.6,1463177, 76.2
3.75,12977263, 98.2,1471175, 76.6
3.75,12973168, 98.9,1469679, 77.1
4.00,12987076, 99.5,1480103, 77.3
4.00,13026615, 99.7,1482323, 76.8
4.25,13063157, 99.9,1483988, 76.6
4.50,13116471,100.5,1489746, 76.8
4.50,13212788,100.9,1495281, 77.4
4.50,13188047,100.9,1491822, 78.0
4.50,13186041,101.2,1500765, 78.2
4.50,13222418,101.5,1500000, 77.9
4.50,13216568,101.1,1495415, 77.7
4.50,13260282,102.0,1503083, 78.1
4.50,13258947,102.8,1506922, 78.8
4.75,13323306,103.1,1505292, 78.5
5.00,13300218,102.4,1500278, 77.1
5.00,13313730,102.5,1504638, 75.4
5.00,13335533,102.5,1509059, 74.8
4.75,13317528,102.6,1516896, 75.7
4.75,13322913,102.9,1502384, 76.1
4.50,13308290,103.1,1520964, 76.1
4.50,13354201,102.8,1527651, 75.1
4.50,13357045,103.1,1529285, 74.8
4.50,13354370,103.2,1535717, 75.0
4.25,13387383,103.3,1538379, 75.6
4.25,13340228,103.5,1537381, 77.3
4.00,13392295,103.9,1551047, 77.8
3.75,13439916,104.1,1554989, 78.8
3.75,13462960,105.0,1556495, 80.4
3.75,13465160,105.1,1564093, 80.0
3.75,13520895,105.0,1565550, 79.8
3.75,13461771,104.8,1572221, 80.2
4.00,13519241,105.0,1576659, 79.8
4.25,13533250,105.2,1577208, 79.3
4.25,13523880,105.6,1583191, 77.8
4.25,13579833,105.4,1583575, 77.9
4.25,13562318,105.3,1591349, 78.6
4.25,13589500,105.7,1592499, 79.6
4.25,13594668,106.3,1587122, 80.0
4.25,13631691,106.6,1598907, 80.3
4.25,13622705,106.7,1605776, 80.2
4.25,13668900,106.9,1610588, 80.0
4.25,13694636,107.1,1614748, 79.8
4.25,13732022,107.5,1620834, 80.1
4.50,13762749,108.4,1622168, 80.7
4.75,13781253,107.9,1627587, 80.8
4.75,13824431,107.7,1636455, 80.2
5.00,13861882,107.6,1645055, 80.0
5.25,13922770,108.2,1649021, 80.6
5.25,13980076,108.0,1652615, 80.2
5.50,14007015,108.6,1656380, 81.0
5.75,14034444,109.2,1656732, 82.0
6.00,14058579,109.7,1657513, 82.2
6.00,14083860,109.5,1654837, 82.1
6.00,14068519,109.6,1657920, 83.5
6.00,14076740,109.8,1659196, 82.9
6.00,14116784,109.2,1656876, 81.6
6.00,14079425,109.0,1659594, 81.5
6.00,14209013,109.2,1663364, 81.6
6.00,14209455,109.4,1673956, 82.7
6.25,14250058,109.4,1670535, 82.9
6.25,14282523,110.2,1678760, 83.7
6.25,14293539,111.1,1682294, 84.9
6.25,14299912,111.6,1684443, 85.1
6.25,14358659,112.1,1691753, 84.8
6.25,14381801,111.9,1696447, 83.8
6.25,14406170,112.0,1696013, 83.3
6.25,14478752,111.7,1700841, 82.5
6.25,14480900,111.9,1697794, 81.8
6.25,14524844,111.6,1699351, 80.8
6.25,14509290,111.9,1700851, 81.3
6.00,14503015,112.0,1694291, 82.3
5.75,14598924,111.8,1701279, 83.2
5.75,14577601,112.2,1698189, 83.2
5.25,14619559,112.6,1701248, 84.9
4.75,14667016,113.5,1704814, 86.3
4.75,14695740,114.6,1704784, 87.2
4.75,14708296,115.4,1708170, 88.8
4.75,14704290,115.8,1715622, 89.6
4.75,14742927,115.6,1714295, 89.8
4.75,14727185,115.7,1714712, 88.8
4.13,14739059,114.5,1712871, 88.7
4.13,14670815,114.1,1695651, 86.1
3.25,14622350,113.3,1672410, 83.9
2.75,14535832,113.0,1664411, 83.9
2.75,14502900,113.8,1655773, 84.3
2.50,14432188,114.0,1642352, 84.6
2.25,14382808,113.9,1637034, 84.3
2.25,14363966,114.7,1635329, 83.3
2.25,14333110,115.1,1637232, 83.7
2.25,14364733,114.7,1639863, 83.2
2.25,14283092,114.7,1639145, 83.6
2.25,14314643,114.7,1651417, 83.2
2.25,14336328,114.6,1653106, 82.9
2.25,14360557,115.2,1662710, 83.6
2.25,14374230,114.8,1667429, 83.6
2.75,14380938,115.1,1677635, 84.1
2.75,14401914,115.6,1686315, 84.1
2.75,14419449,115.6,1694468, 84.1
2.75,14443934,116.0,1692492, 84.5
2.75,14435958,116.3,1700050, 84.8
2.50,14455304,116.2,1704611, 84.2
2.75,14506360,116.8,1707189, 84.1
2.75,14475308,116.7,1712496, 84.4
3.00,14512370,116.9,1712435, 85.1
3.00,14540208,117.4,1721370, 85.8
3.00,14544117,117.5,1729551, 86.6
3.00,14601090,117.5,1741609, 87.4
3.00,14614539,117.8,1747291, 88.0
3.00,14654397,118.1,1744126, 89.0
3.00,14674888,119.4,1749485, 90.5
3.00,14691423,119.8,1749674, 91.4
3.00,14650020,120.6,1745781, 91.0
3.00,14709181,119.8,1753348, 91.0
3.00,14711567,120.0,1765251, 91.0
3.00,14713518,120.3,1774000, 91.7
3.00,14754414,120.6,1778754, 92.1
3.00,14752380,120.8,1778522, 91.5
3.00,14803126,120.9,1780501, 91.8
3.00,14815763,120.2,1789093, 90.9
3.00,14834658,120.7,1787647, 91.4
3.00,14842613,121.2,1783169, 92.1
3.00,14880515,121.7,1787826, 92.6
3.20,14928715,122.2,1794148, 92.7
3.20,14988650,122.1,1797125, 92.0
3.70,15002346,121.6,1798133, 91.5
4.70,15008330,121.5,1801749, 91.1
4.70,15048803,121.8,1799417, 91.2
4.70,15048458,122.0,1799218, 92.2
4.70,15034010,122.2,1798409, 92.0
4.70,15077446,121.9,1806944, 91.7
4.70,15057304,121.2,1806713, 91.4
4.70,15089401,121.3,1816978, 91.8
4.70,15134700,122.7,1822370, 93.1
4.70,15172619,122.9,1828635, 92.9
4.70,15175324,122.7,1831835, 91.9
4.70,15158797,123.0,1836826, 91.8
4.70,15132640,123.0,1830161, 92.0
4.70,15184822,123.1,1840718, 92.1
4.70,15259473,123.1,1848826, 92.5
4.70,15242515,123.3,1855132, 92.2
4.70,15269938,123.0,1865193, 91.8
4.70,15275659,123.0,1869835, 91.9
4.70,15282614,122.7,1862159, 92.6
4.70,15303733,123.1,1863035, 94.0
4.70,15313104,124.1,1872372, 95.1
4.70,15335212,124.8,1877319, 95.6
4.70,15324509,125.2,1881089, 95.4
4.70,15386948,125.8,1892936, 94.8
4.70,15406606,125.9,1901582, 94.9
4.70,15438786,125.7,1904250, 94.7
4.70,15474888,125.7,1900262, 94.9
4.70,15458716,125.8,1907872, 94.6
4.70,15479266,125.9,1913355, 94.0
4.70,15457532,125.4,1914614, 93.7
4.70,15460735,124.5,1917559, 92.2
2.85,15509496,124.3,1909603, 92.0
2.85,15506747,125.4,1907049, 93.8
2.85,15502098,126.3,1905988, 94.0
2.85,15540006,126.2,1905441, 93.2
2.85,15557356,126.9,1904409, 93.7
2.85,15529627,127.2,1909593, 94.2
2.70,15558622,127.3,1914406, 94.9
2.70,15524686,127.3,1918458, 94.5
2.70,15542239,127.1,1910530, 94.1
2.70,15594406,127.2,1912301, 93.7
2.70,15578974,127.1,1916787, 93.4
2.70,15601475,126.5,1918886, 93.2
2.70,15603357,126.8,1930434, 93.6
2.70,15589850,127.1,1924854, 92.7
2.70,15618512,127.9,1917766, 92.1
2.70,15667926,128.3,1922103, 91.7
2.70,15664311,128.8,1911266, 92.7
2.70,15704423,129.1,1920490, 93.5
2.70,15698459,128.9,1931887, 93.8
2.70,15682803,128.7,1936423, 93.5
2.70,15742713,128.8,1941422, 93.8
2.70,15747469,129.1,1940404, 94.6
2.70,15782077,128.6,1947701, 95.0
2.70,15833466,128.4,1953152, 95.2
2.70,15823605,129.5,1962254, 95.9
2.70,15877943,129.7,1969304, 96.1
2.70,15873136,129.9,1978060, 96.9
2.70,15893736,130.4,1987668, 97.4
2.70,15920446,130.5,1992055, 97.6
2.70,16006894,130.4,1996878, 96.5
2.95,16016009,130.4,1996019, 95.1
2.95,16062744,130.5,1994122, 95.4
3.20,16094798,130.8,1999220, 95.1
3.20,16075014,130.9,1999518, 96.1
3.20,16091352,131.3,2008970, 97.6
3.20,16135526,130.8,2014340, 97.5
3.45,16141464,131.7,2020721, 98.1
3.45,16187322,132.5,2031403, 98.3
3.45,16240028,132.9,2039914, 99.2
3.45,16241819,133.3,2040275, 99.8
3.45,16308863,133.4,2047718,101.0
3.45,16337888,133.6,2050188,101.6
3.70,16317624,134.3,2054500,101.3
3.70,16361894,134.2,2056138,100.8
3.70,16394455,133.7,2059567,101.0
3.95,16437606,134.1,2063118,101.1
3.95,16534929,133.5,2059427,100.2
3.95,16519015,133.4,2062691, 99.5
3.95,16588646,133.6,2067478, 99.1
3.95,16631640,134.5,2061962, 99.4
3.95,16643712,135.4,2073732,100.6
3.95,16642473,136.0,2086598,101.5
3.95,16679769,136.6,2092359,101.4
3.95,16693959,136.3,2096319, 99.9
3.95,16749996,137.0,2097225, 99.6
3.95,16762864,136.8,2097381, 99.8
3.95,16753014,136.2,2098372, 99.7
3.95,16758661,136.6,2099541, 99.7
3.95,16777213,136.4,2099164, 99.8
3.95,16782972,136.4,2109773,100.0
3.95,16820525,136.8,2111889,100.0
3.95,16801820,137.4,2116239,100.0
2.95,15854084,136.6,1956667, 98.9
2.95,14021859,135.7,1747909, 97.0
2.95,13542230,136.1,1827719, 97.9
2.95,14169655,137.2,1935937, 98.0
2.95,14891584,137.2,1986260, 99.1
2.95,15208042,137.0,2006168,100.1
2.95,15529775,136.9,2024936,100.8
2.95,15708322,137.5,2037235,100.9
2.95,15693134,137.7,2050923,100.5
2.95,15729199,137.4,2056578,102.1
2.95,15599583,138.2,2069959,104.3
2.95,15666667,138.9,2074161,107.4
2.95,15906060,139.6,2095037,109.2
2.95,16026001,140.3,2074294,111.5
2.95,15804156,141.0,2068403,114.8
2.95,16012756,141.4,2086880,115.0
2.95,16311808,142.3,2101011,115.0
2.95,16401931,142.6,2118070,114.6
2.95,16471655,142.9,2127260,116.0
2.95,16588914,143.9,2144935,117.6
2.95,16663711,144.2,2156435,117.6
2.95,16763760,144.0,2165059,118.2
2.95,16752769,145.3,2157548,121.3
2.95,16866960,146.8,2173306,124.6
2.70,16995210,148.9,2188890,129.0
3.20,17105266,149.8,2187675,130.5
3.20,17099430,151.9,2193450,132.7
3.70,17195588,152.9,2198676,131.6
4.70,17240786,153.1,2201010,128.4
4.70,17258279,152.6,2206930,126.5
5.45,17327320,152.7,2210482,126.3
5.95,17347881,153.8,2206747,129.2
5.95,17419367,154.0,2205410,128.2
6.45,17482151,153.1,2198020,127.1
6.70,17534970,153.9,2219088,127.1
6.70,17582997,154.5,2223989,126.4
6.70,17579049,155.3,2230182,126.2
6.70,17506457,156.4,2229312,125.9
6.70,17657047,157.0,2231269,125.2
6.95,17687247,157.2,2228073,124.3
7.20,17685991,158.1,2228857,124.3
7.20,17695010,158.7,2231565,126.5
7.20,17729475,158.5,2230741,127.0
7.20,17716440,158.6,2234639,125.8
7.20,17654209,158.8,2238191,125.3
7.20,17703758,158.3,2234502,123.3
7.20,17746729,158.3,2242265,123.3
7.20,17763653,158.8,2249888,124.6
7.20,17794949,159.8,2248842,125.7
7.20,17810851,160.6,2257127,127.7
7.20,17845344,161.5,2259508,128.0
6.95,17816461,161.4,2260473,127.9
6.70,17849215,162.1,2262854,127.9
6.70,17877140,161.8,2264354,126.7
6.45,17849754,161.1,2269777,125.7
5.95,17835797,161.8,2276983,127.2