Jan 2002 - Oct 2024,Value,Monthly Change,Yearly change,Indexed value
 97.6, 0.2, 1.3,100.0
 98.2, 0.6, 1.4,100.6
 98.9, 0.7, 1.9,101.3
 99.5, 0.6, 1.7,101.9
 99.7, 0.2, 1.1,102.2
 99.9, 0.2, 1.2,102.4
100.5, 0.6, 2.1,103.0
100.9, 0.4, 2.5,103.4
100.9, 0.0, 2.3,103.4
101.2, 0.3, 3.2,103.7
101.5, 0.3, 4.4,104.0
101.1,-0.4, 3.8,103.6
102.0, 0.9, 4.5,104.5
102.8, 0.8, 4.7,105.3
103.1, 0.3, 4.2,105.6
102.4,-0.7, 2.9,104.9
102.5, 0.1, 2.8,105.0
102.5, 0.0, 2.6,105.0
102.6, 0.1, 2.1,105.1
102.9, 0.3, 2.0,105.4
103.1, 0.2, 2.2,105.6
102.8,-0.3, 1.6,105.3
103.1, 0.3, 1.6,105.6
103.2, 0.1, 2.1,105.7
103.3, 0.1, 1.3,105.8
103.5, 0.2, 0.7,106.0
103.9, 0.4, 0.8,106.5
104.1, 0.2, 1.7,106.7
105.0, 0.9, 2.4,107.6
105.1, 0.1, 2.5,107.7
105.0,-0.1, 2.3,107.6
104.8,-0.2, 1.8,107.4
105.0, 0.2, 1.8,107.6
105.2, 0.2, 2.3,107.8
105.6, 0.4, 2.4,108.2
105.4,-0.2, 2.1,108.0
105.3,-0.1, 1.9,107.9
105.7, 0.4, 2.1,108.3
106.3, 0.6, 2.3,108.9
106.6, 0.3, 2.4,109.2
106.7, 0.1, 1.6,109.3
106.9, 0.2, 1.7,109.5
107.1, 0.2, 2.0,109.7
107.5, 0.4, 2.6,110.1
108.4, 0.8, 3.2,111.1
107.9,-0.5, 2.6,110.6
107.7,-0.2, 2.0,110.3
107.6,-0.1, 2.1,110.2
108.2, 0.6, 2.8,110.9
108.0,-0.2, 2.2,110.7
108.6, 0.6, 2.2,111.3
109.2, 0.6, 2.4,111.9
109.7, 0.5, 2.8,112.4
109.5,-0.2, 2.4,112.2
109.6, 0.1, 2.3,112.3
109.8, 0.2, 2.1,112.5
109.2,-0.5, 0.7,111.9
109.0,-0.2, 1.0,111.7
109.2, 0.2, 1.4,111.9
109.4, 0.2, 1.7,112.1
109.4, 0.0, 1.1,112.1
110.2, 0.7, 2.0,112.9
111.1, 0.8, 2.3,113.8
111.6, 0.5, 2.2,114.3
112.1, 0.4, 2.2,114.9
111.9,-0.2, 2.2,114.7
112.0, 0.1, 2.2,114.8
111.7,-0.3, 1.7,114.4
111.9, 0.2, 2.5,114.7
111.6,-0.3, 2.4,114.3
111.9, 0.3, 2.5,114.7
112.0, 0.1, 2.4,114.8
111.8,-0.2, 2.2,114.5
112.2, 0.4, 1.8,115.0
112.6, 0.4, 1.4,115.4
113.5, 0.8, 1.7,116.3
114.6, 1.0, 2.2,117.4
115.4, 0.7, 3.1,118.2
115.8, 0.3, 3.4,118.6
115.6,-0.2, 3.5,118.4
115.7, 0.1, 3.4,118.5
114.5,-1.0, 2.6,117.3
114.1,-0.3, 2.0,116.9
113.3,-0.7, 1.2,116.1
113.0,-0.3, 1.1,115.8
113.8, 0.7, 1.4,116.6
114.0, 0.2, 1.2,116.8
113.9,-0.1, 0.4,116.7
114.7, 0.7, 0.1,117.5
115.1, 0.3,-0.3,117.9
114.7,-0.3,-0.9,117.5
114.7, 0.0,-0.8,117.5
114.7, 0.0,-0.9,117.5
114.6,-0.1, 0.1,117.4
115.2, 0.5, 1.0,118.0
114.8,-0.3, 1.3,117.6
115.1, 0.3, 1.9,117.9
115.6, 0.4, 1.6,118.4
115.6, 0.0, 1.4,118.4
116.0, 0.3, 1.8,118.9
116.3, 0.3, 1.4,119.2
116.2,-0.1, 1.0,119.1
116.8, 0.5, 1.8,119.7
116.7,-0.1, 1.7,119.6
116.9, 0.2, 1.9,119.8
117.4, 0.4, 2.4,120.3
117.5, 0.1, 2.0,120.4
117.5, 0.0, 2.4,120.4
117.8, 0.3, 2.3,120.7
118.1, 0.3, 2.2,121.0
119.4, 1.1, 3.3,122.3
119.8, 0.3, 3.3,122.7
120.6, 0.7, 3.7,123.6
119.8,-0.7, 3.1,122.7
120.0, 0.2, 2.7,123.0
120.3, 0.2, 3.1,123.3
120.6, 0.2, 3.2,123.6
120.8, 0.2, 2.9,123.8
120.9, 0.1, 2.9,123.9
120.2,-0.6, 2.3,123.2
120.7, 0.4, 2.5,123.7
121.2, 0.4, 2.6,124.2
121.7, 0.4, 1.9,124.7
122.2, 0.4, 2.0,125.2
122.1,-0.1, 1.2,125.1
121.6,-0.4, 1.5,124.6
121.5,-0.1, 1.3,124.5
121.8, 0.2, 1.2,124.8
122.0, 0.2, 1.2,125.0
122.2, 0.2, 1.2,125.2
121.9,-0.2, 0.8,124.9
121.2,-0.6, 0.8,124.2
121.3, 0.1, 0.5,124.3
122.7, 1.2, 1.2,125.7
122.9, 0.2, 1.0,125.9
122.7,-0.2, 0.4,125.7
123.0, 0.2, 0.7,126.0
123.0, 0.0, 1.2,126.0
123.1, 0.1, 1.3,126.1
123.1, 0.0, 1.1,126.1
123.3, 0.2, 1.1,126.3
123.0,-0.2, 0.7,126.0
123.0, 0.0, 0.9,126.0
122.7,-0.2, 1.2,125.7
123.1, 0.3, 1.5,126.1
124.1, 0.8, 1.1,127.2
124.8, 0.6, 1.5,127.9
125.2, 0.3, 2.0,128.3
125.8, 0.5, 2.3,128.9
125.9, 0.1, 2.4,129.0
125.7,-0.2, 2.1,128.8
125.7, 0.0, 2.1,128.8
125.8, 0.1, 2.0,128.9
125.9, 0.1, 2.4,129.0
125.4,-0.4, 2.0,128.5
124.5,-0.7, 1.5,127.6
124.3,-0.2, 1.0,127.4
125.4, 0.9, 1.0,128.5
126.3, 0.7, 1.2,129.4
126.2,-0.1, 0.8,129.3
126.9, 0.6, 0.9,130.0
127.2, 0.2, 1.0,130.3
127.3, 0.1, 1.3,130.4
127.3, 0.0, 1.3,130.4
127.1,-0.2, 1.0,130.2
127.2, 0.1, 1.0,130.3
127.1,-0.1, 1.4,130.2
126.5,-0.5, 1.6,129.6
126.8, 0.2, 2.0,129.9
127.1, 0.2, 1.4,130.2
127.9, 0.6, 1.3,131.0
128.3, 0.3, 1.7,131.5
128.8, 0.4, 1.5,132.0
129.1, 0.2, 1.5,132.3
128.9,-0.2, 1.3,132.1
128.7,-0.2, 1.1,131.9
128.8, 0.1, 1.3,132.0
129.1, 0.2, 1.5,132.3
128.6,-0.4, 1.2,131.8
128.4,-0.2, 1.5,131.6
129.5, 0.9, 2.1,132.7
129.7, 0.2, 2.0,132.9
129.9, 0.2, 1.6,133.1
130.4, 0.4, 1.6,133.6
130.5, 0.1, 1.3,133.7
130.4,-0.1, 1.0,133.6
130.4, 0.0, 1.2,133.6
130.5, 0.1, 1.4,133.7
130.8, 0.2, 1.6,134.0
130.9, 0.1, 1.4,134.1
131.3, 0.3, 2.1,134.5
130.8,-0.4, 1.9,134.0
131.7, 0.7, 1.7,134.9
132.5, 0.6, 2.2,135.8
132.9, 0.3, 2.3,136.2
133.3, 0.3, 2.2,136.6
133.4, 0.1, 2.2,136.7
133.6, 0.1, 2.5,136.9
134.3, 0.5, 3.0,137.6
134.2,-0.1, 2.8,137.5
133.7,-0.4, 2.2,137.0
134.1, 0.3, 2.4,137.4
133.5,-0.4, 1.7,136.8
133.4,-0.1, 2.0,136.7
133.6, 0.1, 1.4,136.9
134.5, 0.7, 1.5,137.8
135.4, 0.7, 1.9,138.7
136.0, 0.4, 2.0,139.3
136.6, 0.4, 2.4,140.0
136.3,-0.2, 2.0,139.7
137.0, 0.5, 2.0,140.4
136.8,-0.1, 1.9,140.2
136.2,-0.4, 1.9,139.5
136.6, 0.3, 1.9,140.0
136.4,-0.1, 2.2,139.8
136.4, 0.0, 2.2,139.8
136.8, 0.3, 2.4,140.2
137.4, 0.4, 2.2,140.8
136.6,-0.6, 0.9,140.0
135.7,-0.7,-0.2,139.0
136.1, 0.3,-0.4,139.4
137.2, 0.8, 0.7,140.6
137.2, 0.0, 0.1,140.6
137.0,-0.1, 0.1,140.4
136.9,-0.1, 0.5,140.3
137.5, 0.4, 0.7,140.9
137.7, 0.1, 1.0,141.1
137.4,-0.2, 0.7,140.8
138.2, 0.6, 1.0,141.6
138.9, 0.5, 1.1,142.3
139.6, 0.5, 2.2,143.0
140.3, 0.5, 3.4,143.8
141.0, 0.5, 3.6,144.5
141.4, 0.3, 3.1,144.9
142.3, 0.6, 3.7,145.8
142.6, 0.2, 4.1,146.1
142.9, 0.2, 4.4,146.4
143.9, 0.7, 4.7,147.4
144.2, 0.2, 4.7,147.7
144.0,-0.1, 4.8,147.5
145.3, 0.9, 5.1,148.9
146.8, 1.0, 5.7,150.4
148.9, 1.4, 6.7,152.6
149.8, 0.6, 6.8,153.5
151.9, 1.4, 7.7,155.6
152.9, 0.7, 8.1,156.7
153.1, 0.1, 7.6,156.9
152.6,-0.3, 7.0,156.4
152.7, 0.1, 6.9,156.5
153.8, 0.7, 6.9,157.6
154.0, 0.1, 6.8,157.8
153.1,-0.6, 6.3,156.9
153.9, 0.5, 5.9,157.7
154.5, 0.4, 5.2,158.3
155.3, 0.5, 4.3,159.1
156.4, 0.7, 4.4,160.2
157.0, 0.4, 3.4,160.9
157.2, 0.1, 2.8,161.1
158.1, 0.6, 3.3,162.0
158.7, 0.4, 4.0,162.6
158.5,-0.1, 3.8,162.4
158.6, 0.1, 3.1,162.5
158.8, 0.1, 3.1,162.7
158.3,-0.3, 3.4,162.2
158.3, 0.0, 2.9,162.2
158.8, 0.3, 2.8,162.7
159.8, 0.6, 2.9,163.7
160.6, 0.5, 2.7,164.5
161.5, 0.6, 2.9,165.5
161.4,-0.1, 2.7,165.4
162.1, 0.4, 2.5,166.1
161.8,-0.2, 2.0,165.8
161.1,-0.4, 1.6,165.1
161.8, 0.4, 2.0,165.8