Month,Geography,Products and product groups,Value,Monthly Change,Yearly change,Indexed value
Jan 2002,Canada,All-items, 97.6, 0.2%, 1.3%,100.0
Feb 2002,Canada,All-items, 98.2, 0.6%, 1.4%,100.6
Mar 2002,Canada,All-items, 98.9, 0.7%, 1.9%,101.3
Apr 2002,Canada,All-items, 99.5, 0.6%, 1.7%,101.9
May 2002,Canada,All-items, 99.7, 0.2%, 1.1%,102.2
Jun 2002,Canada,All-items, 99.9, 0.2%, 1.2%,102.4
Jul 2002,Canada,All-items,100.5, 0.6%, 2.1%,103.0
Aug 2002,Canada,All-items,100.9, 0.4%, 2.5%,103.4
Sep 2002,Canada,All-items,100.9, 0.0%, 2.3%,103.4
Oct 2002,Canada,All-items,101.2, 0.3%, 3.2%,103.7
Nov 2002,Canada,All-items,101.5, 0.3%, 4.4%,104.0
Dec 2002,Canada,All-items,101.1,-0.4%, 3.8%,103.6
Jan 2003,Canada,All-items,102.0, 0.9%, 4.5%,104.5
Feb 2003,Canada,All-items,102.8, 0.8%, 4.7%,105.3
Mar 2003,Canada,All-items,103.1, 0.3%, 4.2%,105.6
Apr 2003,Canada,All-items,102.4,-0.7%, 2.9%,104.9
May 2003,Canada,All-items,102.5, 0.1%, 2.8%,105.0
Jun 2003,Canada,All-items,102.5, 0.0%, 2.6%,105.0
Jul 2003,Canada,All-items,102.6, 0.1%, 2.1%,105.1
Aug 2003,Canada,All-items,102.9, 0.3%, 2.0%,105.4
Sep 2003,Canada,All-items,103.1, 0.2%, 2.2%,105.6
Oct 2003,Canada,All-items,102.8,-0.3%, 1.6%,105.3
Nov 2003,Canada,All-items,103.1, 0.3%, 1.6%,105.6
Dec 2003,Canada,All-items,103.2, 0.1%, 2.1%,105.7
Jan 2004,Canada,All-items,103.3, 0.1%, 1.3%,105.8
Feb 2004,Canada,All-items,103.5, 0.2%, 0.7%,106.0
Mar 2004,Canada,All-items,103.9, 0.4%, 0.8%,106.5
Apr 2004,Canada,All-items,104.1, 0.2%, 1.7%,106.7
May 2004,Canada,All-items,105.0, 0.9%, 2.4%,107.6
Jun 2004,Canada,All-items,105.1, 0.1%, 2.5%,107.7
Jul 2004,Canada,All-items,105.0,-0.1%, 2.3%,107.6
Aug 2004,Canada,All-items,104.8,-0.2%, 1.8%,107.4
Sep 2004,Canada,All-items,105.0, 0.2%, 1.8%,107.6
Oct 2004,Canada,All-items,105.2, 0.2%, 2.3%,107.8
Nov 2004,Canada,All-items,105.6, 0.4%, 2.4%,108.2
Dec 2004,Canada,All-items,105.4,-0.2%, 2.1%,108.0
Jan 2005,Canada,All-items,105.3,-0.1%, 1.9%,107.9
Feb 2005,Canada,All-items,105.7, 0.4%, 2.1%,108.3
Mar 2005,Canada,All-items,106.3, 0.6%, 2.3%,108.9
Apr 2005,Canada,All-items,106.6, 0.3%, 2.4%,109.2
May 2005,Canada,All-items,106.7, 0.1%, 1.6%,109.3
Jun 2005,Canada,All-items,106.9, 0.2%, 1.7%,109.5
Jul 2005,Canada,All-items,107.1, 0.2%, 2.0%,109.7
Aug 2005,Canada,All-items,107.5, 0.4%, 2.6%,110.1
Sep 2005,Canada,All-items,108.4, 0.8%, 3.2%,111.1
Oct 2005,Canada,All-items,107.9,-0.5%, 2.6%,110.6
Nov 2005,Canada,All-items,107.7,-0.2%, 2.0%,110.3
Dec 2005,Canada,All-items,107.6,-0.1%, 2.1%,110.2
Jan 2006,Canada,All-items,108.2, 0.6%, 2.8%,110.9
Feb 2006,Canada,All-items,108.0,-0.2%, 2.2%,110.7
Mar 2006,Canada,All-items,108.6, 0.6%, 2.2%,111.3
Apr 2006,Canada,All-items,109.2, 0.6%, 2.4%,111.9
May 2006,Canada,All-items,109.7, 0.5%, 2.8%,112.4
Jun 2006,Canada,All-items,109.5,-0.2%, 2.4%,112.2
Jul 2006,Canada,All-items,109.6, 0.1%, 2.3%,112.3
Aug 2006,Canada,All-items,109.8, 0.2%, 2.1%,112.5
Sep 2006,Canada,All-items,109.2,-0.5%, 0.7%,111.9
Oct 2006,Canada,All-items,109.0,-0.2%, 1.0%,111.7
Nov 2006,Canada,All-items,109.2, 0.2%, 1.4%,111.9
Dec 2006,Canada,All-items,109.4, 0.2%, 1.7%,112.1
Jan 2007,Canada,All-items,109.4, 0.0%, 1.1%,112.1
Feb 2007,Canada,All-items,110.2, 0.7%, 2.0%,112.9
Mar 2007,Canada,All-items,111.1, 0.8%, 2.3%,113.8
Apr 2007,Canada,All-items,111.6, 0.5%, 2.2%,114.3
May 2007,Canada,All-items,112.1, 0.4%, 2.2%,114.9
Jun 2007,Canada,All-items,111.9,-0.2%, 2.2%,114.7
Jul 2007,Canada,All-items,112.0, 0.1%, 2.2%,114.8
Aug 2007,Canada,All-items,111.7,-0.3%, 1.7%,114.4
Sep 2007,Canada,All-items,111.9, 0.2%, 2.5%,114.7
Oct 2007,Canada,All-items,111.6,-0.3%, 2.4%,114.3
Nov 2007,Canada,All-items,111.9, 0.3%, 2.5%,114.7
Dec 2007,Canada,All-items,112.0, 0.1%, 2.4%,114.8
Jan 2008,Canada,All-items,111.8,-0.2%, 2.2%,114.5
Feb 2008,Canada,All-items,112.2, 0.4%, 1.8%,115.0
Mar 2008,Canada,All-items,112.6, 0.4%, 1.4%,115.4
Apr 2008,Canada,All-items,113.5, 0.8%, 1.7%,116.3
May 2008,Canada,All-items,114.6, 1.0%, 2.2%,117.4
Jun 2008,Canada,All-items,115.4, 0.7%, 3.1%,118.2
Jul 2008,Canada,All-items,115.8, 0.3%, 3.4%,118.6
Aug 2008,Canada,All-items,115.6,-0.2%, 3.5%,118.4
Sep 2008,Canada,All-items,115.7, 0.1%, 3.4%,118.5
Oct 2008,Canada,All-items,114.5,-1.0%, 2.6%,117.3
Nov 2008,Canada,All-items,114.1,-0.3%, 2.0%,116.9
Dec 2008,Canada,All-items,113.3,-0.7%, 1.2%,116.1
Jan 2009,Canada,All-items,113.0,-0.3%, 1.1%,115.8
Feb 2009,Canada,All-items,113.8, 0.7%, 1.4%,116.6
Mar 2009,Canada,All-items,114.0, 0.2%, 1.2%,116.8
Apr 2009,Canada,All-items,113.9,-0.1%, 0.4%,116.7
May 2009,Canada,All-items,114.7, 0.7%, 0.1%,117.5
Jun 2009,Canada,All-items,115.1, 0.3%,-0.3%,117.9
Jul 2009,Canada,All-items,114.7,-0.3%,-0.9%,117.5
Aug 2009,Canada,All-items,114.7, 0.0%,-0.8%,117.5
Sep 2009,Canada,All-items,114.7, 0.0%,-0.9%,117.5
Oct 2009,Canada,All-items,114.6,-0.1%, 0.1%,117.4
Nov 2009,Canada,All-items,115.2, 0.5%, 1.0%,118.0
Dec 2009,Canada,All-items,114.8,-0.3%, 1.3%,117.6
Jan 2010,Canada,All-items,115.1, 0.3%, 1.9%,117.9
Feb 2010,Canada,All-items,115.6, 0.4%, 1.6%,118.4
Mar 2010,Canada,All-items,115.6, 0.0%, 1.4%,118.4
Apr 2010,Canada,All-items,116.0, 0.3%, 1.8%,118.9
May 2010,Canada,All-items,116.3, 0.3%, 1.4%,119.2
Jun 2010,Canada,All-items,116.2,-0.1%, 1.0%,119.1
Jul 2010,Canada,All-items,116.8, 0.5%, 1.8%,119.7
Aug 2010,Canada,All-items,116.7,-0.1%, 1.7%,119.6
Sep 2010,Canada,All-items,116.9, 0.2%, 1.9%,119.8
Oct 2010,Canada,All-items,117.4, 0.4%, 2.4%,120.3
Nov 2010,Canada,All-items,117.5, 0.1%, 2.0%,120.4
Dec 2010,Canada,All-items,117.5, 0.0%, 2.4%,120.4
Jan 2011,Canada,All-items,117.8, 0.3%, 2.3%,120.7
Feb 2011,Canada,All-items,118.1, 0.3%, 2.2%,121.0
Mar 2011,Canada,All-items,119.4, 1.1%, 3.3%,122.3
Apr 2011,Canada,All-items,119.8, 0.3%, 3.3%,122.7
May 2011,Canada,All-items,120.6, 0.7%, 3.7%,123.6
Jun 2011,Canada,All-items,119.8,-0.7%, 3.1%,122.7
Jul 2011,Canada,All-items,120.0, 0.2%, 2.7%,123.0
Aug 2011,Canada,All-items,120.3, 0.2%, 3.1%,123.3
Sep 2011,Canada,All-items,120.6, 0.2%, 3.2%,123.6
Oct 2011,Canada,All-items,120.8, 0.2%, 2.9%,123.8
Nov 2011,Canada,All-items,120.9, 0.1%, 2.9%,123.9
Dec 2011,Canada,All-items,120.2,-0.6%, 2.3%,123.2
Jan 2012,Canada,All-items,120.7, 0.4%, 2.5%,123.7
Feb 2012,Canada,All-items,121.2, 0.4%, 2.6%,124.2
Mar 2012,Canada,All-items,121.7, 0.4%, 1.9%,124.7
Apr 2012,Canada,All-items,122.2, 0.4%, 2.0%,125.2
May 2012,Canada,All-items,122.1,-0.1%, 1.2%,125.1
Jun 2012,Canada,All-items,121.6,-0.4%, 1.5%,124.6
Jul 2012,Canada,All-items,121.5,-0.1%, 1.3%,124.5
Aug 2012,Canada,All-items,121.8, 0.2%, 1.2%,124.8
Sep 2012,Canada,All-items,122.0, 0.2%, 1.2%,125.0
Oct 2012,Canada,All-items,122.2, 0.2%, 1.2%,125.2
Nov 2012,Canada,All-items,121.9,-0.2%, 0.8%,124.9
Dec 2012,Canada,All-items,121.2,-0.6%, 0.8%,124.2
Jan 2013,Canada,All-items,121.3, 0.1%, 0.5%,124.3
Feb 2013,Canada,All-items,122.7, 1.2%, 1.2%,125.7
Mar 2013,Canada,All-items,122.9, 0.2%, 1.0%,125.9
Apr 2013,Canada,All-items,122.7,-0.2%, 0.4%,125.7
May 2013,Canada,All-items,123.0, 0.2%, 0.7%,126.0
Jun 2013,Canada,All-items,123.0, 0.0%, 1.2%,126.0
Jul 2013,Canada,All-items,123.1, 0.1%, 1.3%,126.1
Aug 2013,Canada,All-items,123.1, 0.0%, 1.1%,126.1
Sep 2013,Canada,All-items,123.3, 0.2%, 1.1%,126.3
Oct 2013,Canada,All-items,123.0,-0.2%, 0.7%,126.0
Nov 2013,Canada,All-items,123.0, 0.0%, 0.9%,126.0
Dec 2013,Canada,All-items,122.7,-0.2%, 1.2%,125.7
Jan 2014,Canada,All-items,123.1, 0.3%, 1.5%,126.1
Feb 2014,Canada,All-items,124.1, 0.8%, 1.1%,127.2
Mar 2014,Canada,All-items,124.8, 0.6%, 1.5%,127.9
Apr 2014,Canada,All-items,125.2, 0.3%, 2.0%,128.3
May 2014,Canada,All-items,125.8, 0.5%, 2.3%,128.9
Jun 2014,Canada,All-items,125.9, 0.1%, 2.4%,129.0
Jul 2014,Canada,All-items,125.7,-0.2%, 2.1%,128.8
Aug 2014,Canada,All-items,125.7, 0.0%, 2.1%,128.8
Sep 2014,Canada,All-items,125.8, 0.1%, 2.0%,128.9
Oct 2014,Canada,All-items,125.9, 0.1%, 2.4%,129.0
Nov 2014,Canada,All-items,125.4,-0.4%, 2.0%,128.5
Dec 2014,Canada,All-items,124.5,-0.7%, 1.5%,127.6
Jan 2015,Canada,All-items,124.3,-0.2%, 1.0%,127.4
Feb 2015,Canada,All-items,125.4, 0.9%, 1.0%,128.5
Mar 2015,Canada,All-items,126.3, 0.7%, 1.2%,129.4
Apr 2015,Canada,All-items,126.2,-0.1%, 0.8%,129.3
May 2015,Canada,All-items,126.9, 0.6%, 0.9%,130.0
Jun 2015,Canada,All-items,127.2, 0.2%, 1.0%,130.3
Jul 2015,Canada,All-items,127.3, 0.1%, 1.3%,130.4
Aug 2015,Canada,All-items,127.3, 0.0%, 1.3%,130.4
Sep 2015,Canada,All-items,127.1,-0.2%, 1.0%,130.2
Oct 2015,Canada,All-items,127.2, 0.1%, 1.0%,130.3
Nov 2015,Canada,All-items,127.1,-0.1%, 1.4%,130.2
Dec 2015,Canada,All-items,126.5,-0.5%, 1.6%,129.6
Jan 2016,Canada,All-items,126.8, 0.2%, 2.0%,129.9
Feb 2016,Canada,All-items,127.1, 0.2%, 1.4%,130.2
Mar 2016,Canada,All-items,127.9, 0.6%, 1.3%,131.0
Apr 2016,Canada,All-items,128.3, 0.3%, 1.7%,131.5
May 2016,Canada,All-items,128.8, 0.4%, 1.5%,132.0
Jun 2016,Canada,All-items,129.1, 0.2%, 1.5%,132.3
Jul 2016,Canada,All-items,128.9,-0.2%, 1.3%,132.1
Aug 2016,Canada,All-items,128.7,-0.2%, 1.1%,131.9
Sep 2016,Canada,All-items,128.8, 0.1%, 1.3%,132.0
Oct 2016,Canada,All-items,129.1, 0.2%, 1.5%,132.3
Nov 2016,Canada,All-items,128.6,-0.4%, 1.2%,131.8
Dec 2016,Canada,All-items,128.4,-0.2%, 1.5%,131.6
Jan 2017,Canada,All-items,129.5, 0.9%, 2.1%,132.7
Feb 2017,Canada,All-items,129.7, 0.2%, 2.0%,132.9
Mar 2017,Canada,All-items,129.9, 0.2%, 1.6%,133.1
Apr 2017,Canada,All-items,130.4, 0.4%, 1.6%,133.6
May 2017,Canada,All-items,130.5, 0.1%, 1.3%,133.7
Jun 2017,Canada,All-items,130.4,-0.1%, 1.0%,133.6
Jul 2017,Canada,All-items,130.4, 0.0%, 1.2%,133.6
Aug 2017,Canada,All-items,130.5, 0.1%, 1.4%,133.7
Sep 2017,Canada,All-items,130.8, 0.2%, 1.6%,134.0
Oct 2017,Canada,All-items,130.9, 0.1%, 1.4%,134.1
Nov 2017,Canada,All-items,131.3, 0.3%, 2.1%,134.5
Dec 2017,Canada,All-items,130.8,-0.4%, 1.9%,134.0
Jan 2018,Canada,All-items,131.7, 0.7%, 1.7%,134.9
Feb 2018,Canada,All-items,132.5, 0.6%, 2.2%,135.8
Mar 2018,Canada,All-items,132.9, 0.3%, 2.3%,136.2
Apr 2018,Canada,All-items,133.3, 0.3%, 2.2%,136.6
May 2018,Canada,All-items,133.4, 0.1%, 2.2%,136.7
Jun 2018,Canada,All-items,133.6, 0.1%, 2.5%,136.9
Jul 2018,Canada,All-items,134.3, 0.5%, 3.0%,137.6
Aug 2018,Canada,All-items,134.2,-0.1%, 2.8%,137.5
Sep 2018,Canada,All-items,133.7,-0.4%, 2.2%,137.0
Oct 2018,Canada,All-items,134.1, 0.3%, 2.4%,137.4
Nov 2018,Canada,All-items,133.5,-0.4%, 1.7%,136.8
Dec 2018,Canada,All-items,133.4,-0.1%, 2.0%,136.7
Jan 2019,Canada,All-items,133.6, 0.1%, 1.4%,136.9
Feb 2019,Canada,All-items,134.5, 0.7%, 1.5%,137.8
Mar 2019,Canada,All-items,135.4, 0.7%, 1.9%,138.7
Apr 2019,Canada,All-items,136.0, 0.4%, 2.0%,139.3
May 2019,Canada,All-items,136.6, 0.4%, 2.4%,140.0
Jun 2019,Canada,All-items,136.3,-0.2%, 2.0%,139.7
Jul 2019,Canada,All-items,137.0, 0.5%, 2.0%,140.4
Aug 2019,Canada,All-items,136.8,-0.1%, 1.9%,140.2
Sep 2019,Canada,All-items,136.2,-0.4%, 1.9%,139.5
Oct 2019,Canada,All-items,136.6, 0.3%, 1.9%,140.0
Nov 2019,Canada,All-items,136.4,-0.1%, 2.2%,139.8
Dec 2019,Canada,All-items,136.4, 0.0%, 2.2%,139.8
Jan 2020,Canada,All-items,136.8, 0.3%, 2.4%,140.2
Feb 2020,Canada,All-items,137.4, 0.4%, 2.2%,140.8
Mar 2020,Canada,All-items,136.6,-0.6%, 0.9%,140.0
Apr 2020,Canada,All-items,135.7,-0.7%,-0.2%,139.0
May 2020,Canada,All-items,136.1, 0.3%,-0.4%,139.4
Jun 2020,Canada,All-items,137.2, 0.8%, 0.7%,140.6
Jul 2020,Canada,All-items,137.2, 0.0%, 0.1%,140.6
Aug 2020,Canada,All-items,137.0,-0.1%, 0.1%,140.4
Sep 2020,Canada,All-items,136.9,-0.1%, 0.5%,140.3
Oct 2020,Canada,All-items,137.5, 0.4%, 0.7%,140.9
Nov 2020,Canada,All-items,137.7, 0.1%, 1.0%,141.1
Dec 2020,Canada,All-items,137.4,-0.2%, 0.7%,140.8
Jan 2021,Canada,All-items,138.2, 0.6%, 1.0%,141.6
Feb 2021,Canada,All-items,138.9, 0.5%, 1.1%,142.3
Mar 2021,Canada,All-items,139.6, 0.5%, 2.2%,143.0
Apr 2021,Canada,All-items,140.3, 0.5%, 3.4%,143.8
May 2021,Canada,All-items,141.0, 0.5%, 3.6%,144.5
Jun 2021,Canada,All-items,141.4, 0.3%, 3.1%,144.9
Jul 2021,Canada,All-items,142.3, 0.6%, 3.7%,145.8
Aug 2021,Canada,All-items,142.6, 0.2%, 4.1%,146.1
Sep 2021,Canada,All-items,142.9, 0.2%, 4.4%,146.4
Oct 2021,Canada,All-items,143.9, 0.7%, 4.7%,147.4
Nov 2021,Canada,All-items,144.2, 0.2%, 4.7%,147.7
Dec 2021,Canada,All-items,144.0,-0.1%, 4.8%,147.5
Jan 2022,Canada,All-items,145.3, 0.9%, 5.1%,148.9
Feb 2022,Canada,All-items,146.8, 1.0%, 5.7%,150.4
Mar 2022,Canada,All-items,148.9, 1.4%, 6.7%,152.6
Apr 2022,Canada,All-items,149.8, 0.6%, 6.8%,153.5
May 2022,Canada,All-items,151.9, 1.4%, 7.7%,155.6
Jun 2022,Canada,All-items,152.9, 0.7%, 8.1%,156.7
Jul 2022,Canada,All-items,153.1, 0.1%, 7.6%,156.9
Aug 2022,Canada,All-items,152.6,-0.3%, 7.0%,156.4
Sep 2022,Canada,All-items,152.7, 0.1%, 6.9%,156.5
Oct 2022,Canada,All-items,153.8, 0.7%, 6.9%,157.6
Nov 2022,Canada,All-items,154.0, 0.1%, 6.8%,157.8
Dec 2022,Canada,All-items,153.1,-0.6%, 6.3%,156.9
Jan 2023,Canada,All-items,153.9, 0.5%, 5.9%,157.7
Feb 2023,Canada,All-items,154.5, 0.4%, 5.2%,158.3
Mar 2023,Canada,All-items,155.3, 0.5%, 4.3%,159.1
Apr 2023,Canada,All-items,156.4, 0.7%, 4.4%,160.2
May 2023,Canada,All-items,157.0, 0.4%, 3.4%,160.9
Jun 2023,Canada,All-items,157.2, 0.1%, 2.8%,161.1
Jul 2023,Canada,All-items,158.1, 0.6%, 3.3%,162.0
Aug 2023,Canada,All-items,158.7, 0.4%, 4.0%,162.6
Sep 2023,Canada,All-items,158.5,-0.1%, 3.8%,162.4
Oct 2023,Canada,All-items,158.6, 0.1%, 3.1%,162.5
Nov 2023,Canada,All-items,158.8, 0.1%, 3.1%,162.7
Dec 2023,Canada,All-items,158.3,-0.3%, 3.4%,162.2
Jan 2024,Canada,All-items,158.3, 0.0%, 2.9%,162.2
Feb 2024,Canada,All-items,158.8, 0.3%, 2.8%,162.7
Mar 2024,Canada,All-items,159.8, 0.6%, 2.9%,163.7
Apr 2024,Canada,All-items,160.6, 0.5%, 2.7%,164.5
May 2024,Canada,All-items,161.5, 0.6%, 2.9%,165.5
Jun 2024,Canada,All-items,161.4,-0.1%, 2.7%,165.4
Jul 2024,Canada,All-items,162.1, 0.4%, 2.5%,166.1
Aug 2024,Canada,All-items,161.8,-0.2%, 2.0%,165.8
Sep 2024,Canada,All-items,161.1,-0.4%, 1.6%,165.1
Oct 2024,Canada,All-items,161.8, 0.4%, 2.0%,165.8
Nov 2024,Canada,All-items,161.8, 0.0%, 1.9%,165.8
,,,,,,
"Source: Statistics Canada. Table 18 10 0004 Consumer Price Index, monthly, not seasonally adjusted",,,,,,
