labor_participation_US,consumer_price_index_US,population_US,price_per_commodity_US,unemployment_US,prime_rate_US
66.5,2.76158967150149026,286739,128.500,5.7,4.75
66.8,3.38352407504046004,286935,128.400,5.7,4.75
66.6,2.87262142303709966,287131,129.800,5.7,4.75
66.7,2.67648214481753000,287343,130.800,5.9,4.75
66.7,2.42019843819256986,287571,130.800,5.8,4.75
66.6,2.50253319887129999,287808,130.900,5.8,4.75
66.5,2.24505523113134009,288051,131.200,5.8,4.75
66.6,2.28572177593908998,288303,131.500,5.7,4.75
66.7,2.71779789775747993,288554,132.300,5.7,4.75
66.6,2.31390307533893980,288794,133.200,5.7,4.75
66.4,1.91097600745183049,289012,133.100,5.9,4.25
66.3,3.01261428455381974,289214,132.900,6.0,4.25
66.4,2.18139042769815994,289412,135.300,5.8,4.25
66.4,1.97583023449681039,289606,137.600,5.9,4.25
66.3,1.12621180925948994,289809,141.200,5.9,4.25
66.4,0.55303689047201399,290024,136.800,6.0,4.25
66.4,1.07578818642804008,290250,136.700,6.1,4.25
66.5,1.12305963544220999,290484,138.000,6.3,4.00
66.2,2.67107312265710961,290726,137.700,6.2,4.00
66.1,2.35741426924818009,290974,138.000,6.1,4.00
66.1,2.02226514469577001,291222,138.500,6.1,4.00
66.1,2.09586749439761011,291463,139.300,6.0,4.00
66.1,1.18636241164811018,291677,138.900,5.8,4.00
65.9,1.79882233944806003,291868,139.500,5.7,4.00
66.1,2.22007470598395029,292046,141.400,5.7,4.00
66.0,2.91265455346974012,292230,142.100,5.6,4.00
66.0,2.73440226821978971,292434,143.100,5.8,4.00
65.9,2.53838192695393028,292651,144.800,5.6,4.00
66.0,3.21749489052706972,292872,146.800,5.6,4.00
66.1,2.72493144884724980,293103,147.200,5.6,4.25
66.1,1.77113695955513006,293350,147.400,5.5,4.25
66.0,2.87323745174035006,293603,148.000,5.4,4.50
65.8,2.14663499527530011,293857,147.700,5.4,4.75
65.9,2.66050109372762034,294104,150.000,5.5,4.75
66.0,1.48006630553789997,294337,151.400,5.4,5.00
65.9,1.91524972608855992,294561,150.200,5.4,5.25
65.8,3.42175913634541029,294768,150.900,5.3,5.25
65.9,3.30400229074103979,294955,151.600,5.4,5.50
65.9,1.89717939501216959,295149,153.700,5.2,5.75
66.1,2.09647901335651987,295359,155.000,5.2,5.75
66.1,3.16846235161855994,295582,154.300,5.1,6.00
66.1,1.62477538920178000,295824,154.300,5.0,6.00
66.1,3.02864557347464025,296077,156.300,5.0,6.25
66.2,2.22215620270876002,296338,157.600,4.9,6.50
66.1,4.02470724061161000,296606,162.200,5.0,6.75
66.1,3.33157515598618970,296857,166.200,5.0,7.00
66.0,2.83691194814225955,297089,163.700,5.0,7.00
66.0,2.20489319920400995,297311,163.000,4.9,7.25
66.0,2.88432186623886011,297526,164.300,4.7,7.50
66.1,2.07202087371556010,297734,161.800,4.8,7.50
66.2,3.08218251360962991,297950,162.200,4.7,7.75
66.1,2.88703161651259999,298170,164.300,4.7,7.75
66.1,4.28816068458392952,298401,165.800,4.6,8.00
66.2,3.19983083499134002,298653,166.100,4.6,8.25
66.1,3.05393052415283961,298910,166.800,4.7,8.25
66.2,4.62137039677920924,299178,167.900,4.7,8.25
66.1,2.10626377333666959,299452,165.400,4.5,8.25
66.2,3.65069704001577033,299710,162.200,4.4,8.25
66.3,3.02469916751934997,299950,164.600,4.5,8.25
66.4,2.72554654380133021,300178,165.600,4.4,8.25
66.4,2.96441026316891953,300398,164.000,4.6,8.25
66.3,4.44702564001934952,300608,166.800,4.5,8.25
66.2,2.68853112184252963,300823,169.300,4.4,8.25
65.9,2.36832536836802010,301045,171.400,4.5,8.25
66.0,2.35349143799752003,301278,173.300,4.4,8.25
66.0,3.26803173677304049,301528,173.800,4.6,8.25
66.0,2.82817098511783005,301790,175.100,4.7,8.25
65.8,2.18457280462695991,302064,172.400,4.6,8.25
66.0,3.70440600770083028,302334,173.500,4.7,7.75
65.8,3.43463052089827015,302590,174.700,4.7,7.75
66.0,3.47535935275699970,302834,179.000,4.7,7.50
66.0,2.98265388398263998,303062,178.600,5.0,7.25
66.2,3.28360527628441989,303280,181.000,5.0,6.50
66.0,2.85747436326564008,303494,182.700,4.9,6.50
66.1,3.04048574612399047,303707,187.900,5.1,5.25
65.9,2.24101388446511995,303926,190.900,5.0,5.25
66.1,2.46276928959309993,304157,196.600,5.4,5.00
66.1,4.05370089545272005,304396,200.500,5.6,5.00
66.1,3.98912873927891987,304646,205.500,5.8,5.00
66.1,2.94013128490127018,304903,199.000,6.1,5.00
66.0,3.17438970761372019,305158,196.900,6.1,5.00
66.0,2.20171024216991018,305403,186.400,6.5,4.00
65.9,1.93625366578525004,305620,176.800,6.8,4.00
65.8,0.36348415080054208,305827,170.900,7.3,3.25
65.7,2.40364062502631981,306035,171.200,7.8,3.25
65.8,2.14357605719473021,306237,169.300,8.3,3.25
65.6,1.90828983085517989,306438,168.100,8.7,3.25
65.7,1.86117019943738993,306645,169.100,9.0,3.25
65.7,1.29376893720740993,306863,170.800,9.4,3.25
65.7,0.75584590889346004,307090,174.100,9.5,3.25
65.5,0.12583251339235399,307322,172.500,9.5,3.25
65.4,1.62550610790990002,307570,175.000,9.6,3.25
65.1,0.91436978353358600,307826,174.100,9.8,3.25
65.0,1.19036541881350000,308071,1175.200,0.0,3.25
65.0,0.51601642131349201,308289,177.400,9.9,3.25
64.6,0.46081040984140598,308495,178.100,9.9,3.25
64.8,0.68011084594070703,308706,181.900,9.8,3.25
64.9,-0.10662785426794889,308904,181.000,9.8,3.25
64.9,-0.28606424629804600,309095,183.300,9.9,4.25
65.2,0.45261625417847290,309289,184.400,9.9,4.25
64.9,0.27574788971957997,309485,184.800,9.6,4.25
64.6,1.26475267675238978,309691,183.500,9.4,4.25
64.6,0.63230506844271805,309913,184.100,9.4,4.25
64.7,0.43020593403721991,310146,184.900,9.5,4.25
64.6,1.53627227687154000,310385,184.900,9.5,4.25
64.4,1.12609057107202015,310612,186.600,9.4,4.25
64.6,1.31829898066591000,310820,187.700,9.8,4.25
64.3,1.39338028075399989,311020,189.700,9.3,4.25
64.2,2.27322625990495997,311204,192.700,9.1,4.25
64.1,2.81696889792589023,311373,195.800,9.0,4.25
64.2,1.74418998266394998,311551,199.200,9.0,4.25
64.2,2.24921919600375997,311740,203.100,9.1,4.25
64.1,2.30581553962389973,311935,204.100,9.0,4.25
64.0,1.92672807632472010,312147,203.900,9.1,4.25
64.0,2.53703137566649994,312372,204.600,9.0,4.25
64.1,3.17797077169900932,312605,203.200,9.0,4.25
64.2,2.49197707942445978,312842,203.700,9.0,4.25
64.1,2.02226514469577001,313060,201.100,8.8,4.25
64.1,1.84701379887521999,313260,201.400,8.6,4.25
64.0,2.37433305779156001,313454,199.800,8.5,4.25
63.7,3.19808928450254015,313636,200.700,8.3,4.25
63.8,1.68455191336783017,313811,201.600,8.3,4.25
63.8,2.42029632056173005,313993,204.200,8.2,4.75
63.7,2.28513384278916964,314176,203.700,8.2,4.75
63.7,1.73207207221012971,314368,201.900,8.2,4.75
63.8,1.92206327761143991,314576,199.800,8.2,4.75
63.7,2.08371119432122009,314796,200.100,8.2,6.25
63.5,2.42386601913445032,315031,202.700,8.1,6.25
63.6,2.28660374272893030,315264,204.400,7.8,7.00
63.8,1.87504766315374005,315485,203.500,7.8,7.00
63.6,2.07215537879355027,315692,201.800,7.7,7.75
63.7,1.79065016566901991,315877,201.500,7.9,8.25
63.7,2.74180750368704018,316038,202.500,8.0,8.25
63.4,2.45154222786008003,316191,204.300,7.7,8.25
63.3,1.21535791179702990,316357,204.000,7.5,8.50
63.4,2.08888418599399994,316535,203.500,7.6,8.50
63.4,1.95638233225289992,316729,204.100,7.5,8.50
63.4,2.13725043962468986,316934,204.300,7.5,8.50
63.3,2.00320004740069013,317156,204.400,7.3,9.00
63.3,2.14802989891619989,317397,204.200,7.2,9.00
63.2,2.23216017314455994,317635,203.900,7.2,9.00
62.8,1.16372929089216992,317864,202.500,7.2,9.00
63.0,2.60550640737741990,318076,201.200,6.9,9.00
62.9,2.84464408227172028,318276,202.000,6.7,9.00
62.9,2.40632650352187971,318464,203.800,6.6,9.00
62.9,2.35083134647024972,318642,205.700,6.7,9.00
63.1,2.85897667543570977,318827,207.000,6.7,9.00
62.8,2.21493222879675988,319020,208.300,6.2,9.00
62.9,2.54562660708071009,319225,208.000,6.3,9.00
62.8,1.31136444111866002,319438,208.300,6.1,9.00
62.9,2.40490383837574973,319670,208.000,6.2,9.00
62.9,1.75173691535098008,319919,207.000,6.1,9.00
62.8,1.93541098458713989,320166,206.400,5.9,8.50
62.9,2.42895655112680009,320403,203.400,5.7,8.50
62.9,2.25631054100233008,320616,200.900,5.8,8.25
62.8,2.38339424556420010,320815,197.000,5.6,8.00
62.9,1.94752959883825993,320997,192.000,5.7,8.00
62.7,1.95449451571832000,321164,191.100,5.5,8.00
62.6,2.43333592636742990,321344,191.500,5.4,8.00
62.8,2.96265053867684003,321538,190.900,5.4,8.00
62.9,2.50129109910949987,321740,193.400,5.6,8.00
62.7,2.97239956431091956,321954,194.800,5.3,8.00
62.6,1.92202530060316956,322186,193.900,5.2,8.00
62.6,1.63579063211564990,322427,191.900,5.1,8.00
62.4,2.99841569275872022,322670,189.100,5.0,8.00
62.5,2.28316449144805000,322901,187.500,5.0,8.00
62.5,2.26548060012650021,323113,185.700,5.1,8.00
62.7,1.83471969623818998,323318,183.500,5.0,8.00
62.7,2.70841659132004020,323509,182.600,4.8,8.00
62.8,2.53771440127247994,323687,181.300,4.9,8.00
63.0,2.22200455864591984,323871,182.100,5.0,8.00
62.9,3.82547788330950977,324061,183.200,5.1,8.00
62.7,3.28051918804040010,324260,185.300,4.8,8.00
62.7,2.10339046055212009,324476,187.600,4.9,8.00
62.8,2.49016471097935987,324697,187.700,4.8,8.00
62.9,2.74257089079208027,324924,186.600,4.9,8.00
62.9,2.49832933493122011,325155,186.900,5.0,8.00
62.8,2.01802556175075010,325368,186.700,4.9,8.00
62.7,2.45883151623452001,325562,186.300,4.7,8.00
62.7,2.03838510774881021,325742,188.200,4.7,3.75
62.8,3.43630577482942989,325901,190.700,4.7,4.00
62.9,3.29234633875322036,326050,191.600,4.6,4.00
62.9,1.91438367511723007,326207,191.500,4.4,4.00
63.0,1.55365836257900991,326371,193.000,4.4,4.00
62.8,2.11321887098435024,326548,192.800,4.4,4.00
62.8,1.89683378620466958,326743,193.600,4.3,4.25
62.9,2.12209368341407023,326939,193.500,4.3,4.25
62.9,2.27475798765204029,327140,193.800,4.4,4.25
63.1,2.87025677144829983,327342,194.800,4.3,4.25
62.7,2.42496302403465025,327528,194.900,4.2,4.25
62.7,2.42039295861358017,327699,195.900,4.2,4.50
62.7,2.95574718908234013,327848,196.300,4.1,4.50
62.7,4.17000041826154000,327969,197.900,4.0,4.75
63.0,2.01327934554866994,328085,199.300,4.1,4.75
62.9,1.96190007372538955,328219,199.300,4.0,4.75
62.9,2.93200914809487978,328364,200.300,4.0,4.75
62.9,2.98183255084012044,328521,203.200,3.8,5.00
63.0,2.63211788853712036,328692,204.200,4.0,5.00
63.0,2.11149391449984991,328863,204.300,3.8,5.00
62.6,2.29671128678510028,329040,203.400,3.8,5.00
62.8,2.33372335554622046,329216,203.600,3.7,5.25
62.9,2.60626268747923007,329379,204.600,3.8,5.25
62.9,3.72376360170077048,329527,202.300,3.8,5.50
63.0,2.91177701505443043,329659,201.000,3.9,5.50
63.1,2.88960472562633974,329766,199.100,4.0,5.50
63.1,2.97821762626108999,329862,199.200,3.8,5.50
63.0,3.21024114832287033,329977,200.800,3.8,5.50
62.8,2.82946232379089002,330103,202.100,3.7,5.50
62.9,2.55853514567627949,330240,201.700,3.6,5.50
63.0,2.96310499495168989,330393,200.300,3.6,5.50
63.1,3.20088881178510976,330553,200.700,3.7,5.25
63.1,2.62575663098745027,330729,199.200,3.6,5.25
63.2,2.50440284645774058,330904,198.400,3.5,5.00
63.3,2.67072730886815002,331066,198.600,3.6,5.00
63.3,3.27785810135185951,331213,199.000,3.6,5.00
63.3,2.52541708194375980,331345,199.000,3.6,5.00
63.3,3.73900290493837995,331443,199.300,3.6,4.50
63.3,2.87314075414152992,331525,196.700,3.5,4.50
62.6,2.96611597454438991,331642,193.100,4.4,4.50
60.1,2.05141045111049980,331699,1185.500,4.8,4.50
60.8,3.04234095952862038,331701,1188.600,3.2,4.50
61.5,1.63037994426169996,331744,1191.200,1.0,4.50
61.5,4.12644301223046028,331811,1193.000,0.2,4.50
61.7,2.56425045725699041,331885,194.300,8.4,4.50
61.5,1.09289511329195999,331966,195.500,7.8,4.50
61.7,1.79186100386308023,332041,196.500,6.8,4.50
61.5,1.36409877769683008,332079,198.300,6.7,4.50
61.5,1.40126243037698983,332062,200.500,6.7,4.50
61.3,1.17126192381685001,332007,204.800,6.4,4.50
61.4,2.79187179404496000,331983,210.600,6.2,4.50
61.5,2.45230811885554978,332023,215.000,6.1,4.50
61.6,2.90626910167791008,332089,217.900,6.1,4.50
61.5,3.25571552598808989,332161,224.900,5.8,4.50
61.7,3.75085967160497979,332249,228.900,5.9,4.50
61.8,3.03001455558991006,332375,231.850,5.4,4.50
61.8,4.05292067237106046,332506,233.415,5.1,4.50
61.7,4.93068961392651062,332610,235.678,4.7,4.50
61.8,6.58162335190871062,332708,240.465,4.5,4.50
61.9,5.92197752452098847,332806,243.287,4.1,4.50
62.0,4.86424346054244072,332891,241.338,3.9,4.50
62.2,6.73598572134308959,332933,246.453,4.0,4.50
62.2,6.37518816583601922,332972,252.660,3.8,4.75
62.3,6.22131864885611030,333067,260.014,3.6,4.25
62.2,6.92388263628694034,333191,265.310,3.7,4.75
62.3,7.58887877102441077,333317,273.251,3.6,4.75
62.2,8.01045995451126025,333451,280.251,3.6,4.75
62.1,5.98832618011915052,333599,272.274,3.5,6.25
62.4,8.04803616793305920,333762,269.546,3.6,6.25
62.3,7.72921604833855991,333925,267.898,3.5,7.00
62.3,6.69366641779917959,334071,265.061,3.6,7.75
62.1,5.91661658760608944,334206,263.157,3.6,7.75
62.3,6.55462261476892838,334326,257.897,3.5,8.25
62.4,7.40659988402694047,334433,260.227,3.4,8.50
62.5,7.88049589496700165,334544,258.669,3.6,8.50
62.6,4.62475076644841998,334664,257.062,3.5,8.75
62.6,5.18616801348069156,334792,256.908,3.4,8.75
62.6,4.83841780786020959,334929,253.670,3.7,8.75
62.6,4.39642524892616038,335080,253.860,3.6,8.75
62.6,2.49077584715135991,335248,253.835,3.5,9.00
62.8,4.35897232415277003,335431,257.680,3.8,9.00
62.8,5.21792092786128947,335612,258.934,3.8,9.00
62.7,3.49795816925966019,335773,255.192,3.8,9.00
62.8,5.12261495364029962,335925,252.856,3.7,9.00
62.5,4.16012515068491151,336070,249.866,3.7,9.00
62.5,6.54247711333595028,336194,251.306,3.7,9.00
62.5,4.55815950379620993,336306,254.926,3.9,9.00
62.7,4.32734565378700964,336423,255.095,3.8,9.00
62.7,4.25132259006097968,336550,256.978,3.9,9.00
62.5,3.01646901493071029,336687,255.313,4.0,9.00
62.6,2.36466518194450970,336839,255.914,4.1,8.50
62.7,3.80499824370928019,337005,257.321,4.3,8.50
62.7,3.18039686786902021,337185,255.430,4.2,8.25
62.7,4.14646127656875052,337362,252.690,4.1,8.50
62.6,3.60736895679824965,337521,253.162,4.1,8.25