US_prime_rates, US_unemployment_rate, US_population, US_medianCPI, US_CIV
4.75, 5.7, 286739, 2.76158967150149026, 66.5, 128.500
4.75, 5.7, 286935, 3.38352407504046004, 66.8, 128.400
4.75, 5.7, 287131, 2.87262142303709966, 66.6, 129.800
4.75, 5.9, 287343, 2.67648214481753000, 66.7, 130.800
4.75, 5.8, 287571, 2.42019843819256986, 66.7, 130.800
4.75, 5.8, 287808, 2.50253319887129999, 66.6, 130.900
4.75, 5.8, 288051, 2.24505523113134009, 66.5, 131.200
4.75, 5.7, 288303, 2.28572177593908998, 66.6, 131.500
4.75, 5.7, 288554, 2.71779789775747993, 66.7, 132.300
4.75, 5.7, 288794, 2.31390307533893980, 66.6, 133.200
4.25, 5.9, 289012, 1.91097600745183049, 66.4, 133.100
4.25, 6.0, 289214, 3.01261428455381974, 66.3, 132.900
4.25, 5.8, 289412, 2.18139042769815994, 66.4, 135.300
4.25, 5.9, 289606, 1.97583023449681039, 66.4, 137.600
4.25, 5.9, 289809, 1.12621180925948994, 66.3, 141.200
4.25, 6.0, 290024, 0.55303689047201399, 66.4, 136.800
4.25, 6.1, 290250, 1.07578818642804008, 66.4, 136.700
4.00, 6.3, 290484, 1.12305963544220999, 66.5, 138.000
4.00, 6.2, 290726, 2.67107312265710961, 66.2, 137.700
4.00, 6.1, 290974, 2.35741426924818009, 66.1, 138.000
4.00, 6.1, 291222, 2.02226514469577001, 66.1, 138.500
4.00, 6.0, 291463, 2.09586749439761011, 66.1, 139.300
4.00, 5.8, 291677, 1.18636241164811018, 66.1, 138.900
4.00, 5.7, 291868, 1.79882233944806003, 65.9, 139.500
4.00, 5.7, 292046, 2.22007470598395029, 66.1, 141.400
4.00, 5.6, 292230, 2.91265455346974012, 66.0, 142.100
4.00, 5.8, 292434, 2.73440226821978971, 66.0, 143.100
4.00, 5.6, 292651, 2.53838192695393028, 65.9, 144.800
4.00, 5.6, 292872, 3.21749489052706972, 66.0, 146.800
4.25, 5.6, 293103, 2.72493144884724980, 66.1, 147.200
4.25, 5.5, 293350, 1.77113695955513006, 66.1, 147.400
4.50, 5.4, 293603, 2.87323745174035006, 66.0, 148.000
4.75, 5.4, 293857, 2.14663499527530011, 65.8, 147.700
4.75, 5.5, 294104, 2.66050109372762034, 65.9, 150.000
5.00, 5.4, 294337, 1.48006630553789997, 66.0, 151.400
5.25, 5.4, 294561, 1.91524972608855992, 65.9, 150.200
5.25, 5.3, 294768, 3.42175913634541029, 65.8, 150.900
5.50, 5.4, 294955, 3.30400229074103979, 65.9, 151.600
5.75, 5.2, 295149, 1.89717939501216959, 65.9, 153.700
5.75, 5.2, 295359, 2.09647901335651987, 66.1, 155.000
6.00, 5.1, 295582, 3.16846235161855994, 66.1, 154.300
6.00, 5.0, 295824, 1.62477538920178000, 66.1, 154.300
6.25, 5.0, 296077, 3.02864557347464025, 66.1, 156.300
6.50, 4.9, 296338, 2.22215620270876002, 66.2, 157.600
6.75, 5.0, 296606, 4.02470724061161000, 66.1, 162.200
7.00, 5.0, 296857, 3.33157515598618970, 66.1, 166.200
7.00, 5.0, 297089, 2.83691194814225955, 66.0, 163.700
7.25, 4.9, 297311, 2.20489319920400995, 66.0, 163.000
7.50, 4.7, 297526, 2.88432186623886011, 66.0, 164.300
7.50, 4.8, 297734, 2.07202087371556010, 66.1, 161.800
7.75, 4.7, 297950, 3.08218251360962991, 66.2, 162.200
7.75, 4.7, 298170, 2.88703161651259999, 66.1, 164.300
8.00, 4.6, 298401, 4.28816068458392952, 66.1, 165.800
8.25, 4.6, 298653, 3.19983083499134002, 66.2, 166.100
8.25, 4.7, 298910, 3.05393052415283961, 66.1, 166.800
8.25, 4.7, 299178, 4.62137039677920924, 66.2, 167.900
8.25, 4.5, 299452, 2.10626377333666959, 66.1, 165.400
8.25, 4.4, 299710, 3.65069704001577033, 66.2, 162.200
8.25, 4.5, 299950, 3.02469916751934997, 66.3, 164.600
8.25, 4.4, 300178, 2.72554654380133021, 66.4, 165.600
8.25, 4.6, 300398, 2.96441026316891953, 66.4, 164.000
8.25, 4.5, 300608, 4.44702564001934952, 66.3, 166.800
8.25, 4.4, 300823, 2.68853112184252963, 66.2, 169.300
8.25, 4.5, 301045, 2.36832536836802010, 65.9, 171.400
8.25, 4.4, 301278, 2.35349143799752003, 66.0, 173.300
8.25, 4.6, 301528, 3.26803173677304049, 66.0, 173.800
8.25, 4.7, 301790, 2.82817098511783005, 66.0, 175.100
8.25, 4.6, 302064, 2.18457280462695991, 65.8, 172.400
7.75, 4.7, 302334, 3.70440600770083028, 66.0, 173.500
7.75, 4.7, 302590, 3.43463052089827015, 65.8, 174.700
7.50, 4.7, 302834, 3.47535935275699970, 66.0, 179.000
7.25, 5.0, 303062, 2.98265388398263998, 66.0, 178.600
6.50, 5.0, 303280, 3.28360527628441989, 66.2, 181.000
6.50, 4.9, 303494, 2.85747436326564008, 66.0, 182.700
5.25, 5.1, 303707, 3.04048574612399047, 66.1, 187.900
5.25, 5.0, 303926, 2.24101388446511995, 65.9, 190.900
5.00, 5.4, 304157, 2.46276928959309993, 66.1, 196.600
5.00, 5.6, 304396, 4.05370089545272005, 66.1, 200.500
5.00, 5.8, 304646, 3.98912873927891987, 66.1, 205.500
5.00, 6.1, 304903, 2.94013128490127018, 66.1, 199.000
5.00, 6.1, 305158, 3.17438970761372019, 66.0, 196.900
4.00, 6.5, 305403, 2.20171024216991018, 66.0, 186.400
4.00, 6.8, 305620, 1.93625366578525004, 65.9, 176.800
3.25, 7.3, 305827, 0.36348415080054208, 65.8, 170.900
3.25, 7.8, 306035, 2.40364062502631981, 65.7, 171.200
3.25, 8.3, 306237, 2.14357605719473021, 65.8, 169.300
3.25, 8.7, 306438, 1.90828983085517989, 65.6, 168.100
3.25, 9.0, 306645, 1.86117019943738993, 65.7, 169.100
3.25, 9.4, 306863, 1.29376893720740993, 65.7, 170.800
3.25, 9.5, 307090, 0.75584590889346004, 65.7, 174.100
3.25, 9.5, 307322, 0.12583251339235399, 65.5, 172.500
3.25, 9.6, 307570, 1.62550610790990002, 65.4, 175.000
3.25, 9.8, 307826, 0.91436978353358600, 65.1, 174.100
3.25, 10.0,3080715,1.190365418813500005,65.05,175.200,
3.25, 9.9, 308289, 0.51601642131349201, 65.0, 177.400
3.25, 9.9, 308495, 0.46081040984140598, 64.6, 178.100
3.25, 9.8, 308706, 0.68011084594070703, 64.8, 181.900
3.25, 9.8, 308904, -0.10662785426794889,64.95,181.000,
4.25, 9.9, 309095, -0.28606424629804600,64.95,183.300,
4.25, 9.9, 309289, 0.45261625417847290, 65.2, 184.400
4.25, 9.6, 309485, 0.27574788971957997, 64.9, 184.800
4.25, 9.4, 309691, 1.26475267675238978, 64.6, 183.500
4.25, 9.4, 309913, 0.63230506844271805, 64.6, 184.100
4.25, 9.5, 310146, 0.43020593403721991, 64.7, 184.900
4.25, 9.5, 310385, 1.53627227687154000, 64.6, 184.900
4.25, 9.4, 310612, 1.12609057107202015, 64.4, 186.600
4.25, 9.8, 310820, 1.31829898066591000, 64.6, 187.700
4.25, 9.3, 311020, 1.39338028075399989, 64.3, 189.700
4.25, 9.1, 311204, 2.27322625990495997, 64.2, 192.700
4.25, 9.0, 311373, 2.81696889792589023, 64.1, 195.800
4.25, 9.0, 311551, 1.74418998266394998, 64.2, 199.200
4.25, 9.1, 311740, 2.24921919600375997, 64.2, 203.100
4.25, 9.0, 311935, 2.30581553962389973, 64.1, 204.100
4.25, 9.1, 312147, 1.92672807632472010, 64.0, 203.900
4.25, 9.0, 312372, 2.53703137566649994, 64.0, 204.600
4.25, 9.0, 312605, 3.17797077169900932, 64.1, 203.200
4.25, 9.0, 312842, 2.49197707942445978, 64.2, 203.700
4.25, 8.8, 313060, 2.02226514469577001, 64.1, 201.100
4.25, 8.6, 313260, 1.84701379887521999, 64.1, 201.400
4.25, 8.5, 313454, 2.37433305779156001, 64.0, 199.800
4.25, 8.3, 313636, 3.19808928450254015, 63.7, 200.700
4.25, 8.3, 313811, 1.68455191336783017, 63.8, 201.600
4.75, 8.2, 313993, 2.42029632056173005, 63.8, 204.200
4.75, 8.2, 314176, 2.28513384278916964, 63.7, 203.700
4.75, 8.2, 314368, 1.73207207221012971, 63.7, 201.900
4.75, 8.2, 314576, 1.92206327761143991, 63.8, 199.800
6.25, 8.2, 314796, 2.08371119432122009, 63.7, 200.100
6.25, 8.1, 315031, 2.42386601913445032, 63.5, 202.700
7.00, 7.8, 315264, 2.28660374272893030, 63.6, 204.400
7.00, 7.8, 315485, 1.87504766315374005, 63.8, 203.500
7.75, 7.7, 315692, 2.07215537879355027, 63.6, 201.800
8.25, 7.9, 315877, 1.79065016566901991, 63.7, 201.500
8.25, 8.0, 316038, 2.74180750368704018, 63.7, 202.500
8.25, 7.7, 316191, 2.45154222786008003, 63.4, 204.300
8.50, 7.5, 316357, 1.21535791179702990, 63.3, 204.000
8.50, 7.6, 316535, 2.08888418599399994, 63.4, 203.500
8.50, 7.5, 316729, 1.95638233225289992, 63.4, 204.100
8.50, 7.5, 316934, 2.13725043962468986, 63.4, 204.300
9.00, 7.3, 317156, 2.00320004740069013, 63.3, 204.400
9.00, 7.2, 317397, 2.14802989891619989, 63.3, 204.200
9.00, 7.2, 317635, 2.23216017314455994, 63.2, 203.900
9.00, 7.2, 317864, 1.16372929089216992, 62.8, 202.500
9.00, 6.9, 318076, 2.60550640737741990, 63.0, 201.200
9.00, 6.7, 318276, 2.84464408227172028, 62.9, 202.000
9.00, 6.6, 318464, 2.40632650352187971, 62.9, 203.800
9.00, 6.7, 318642, 2.35083134647024972, 62.9, 205.700
9.00, 6.7, 318827, 2.85897667543570977, 63.1, 207.000
9.00, 6.2, 319020, 2.21493222879675988, 62.8, 208.300
9.00, 6.3, 319225, 2.54562660708071009, 62.9, 208.000
9.00, 6.1, 319438, 1.31136444111866002, 62.8, 208.300
9.00, 6.2, 319670, 2.40490383837574973, 62.9, 208.000
9.00, 6.1, 319919, 1.75173691535098008, 62.9, 207.000
8.50, 5.9, 320166, 1.93541098458713989, 62.8, 206.400
8.50, 5.7, 320403, 2.42895655112680009, 62.9, 203.400
8.25, 5.8, 320616, 2.25631054100233008, 62.9, 200.900
8.00, 5.6, 320815, 2.38339424556420010, 62.8, 197.000
8.00, 5.7, 320997, 1.94752959883825993, 62.9, 192.000
8.00, 5.5, 321164, 1.95449451571832000, 62.7, 191.100
8.00, 5.4, 321344, 2.43333592636742990, 62.6, 191.500
8.00, 5.4, 321538, 2.96265053867684003, 62.8, 190.900
8.00, 5.6, 321740, 2.50129109910949987, 62.9, 193.400
8.00, 5.3, 321954, 2.97239956431091956, 62.7, 194.800
8.00, 5.2, 322186, 1.92202530060316956, 62.6, 193.900
8.00, 5.1, 322427, 1.63579063211564990, 62.6, 191.900
8.00, 5.0, 322670, 2.99841569275872022, 62.4, 189.100
8.00, 5.0, 322901, 2.28316449144805000, 62.5, 187.500
8.00, 5.1, 323113, 2.26548060012650021, 62.5, 185.700
8.00, 5.0, 323318, 1.83471969623818998, 62.7, 183.500
8.00, 4.8, 323509, 2.70841659132004020, 62.7, 182.600
8.00, 4.9, 323687, 2.53771440127247994, 62.8, 181.300
8.00, 5.0, 323871, 2.22200455864591984, 63.0, 182.100
8.00, 5.1, 324061, 3.82547788330950977, 62.9, 183.200
8.00, 4.8, 324260, 3.28051918804040010, 62.7, 185.300
8.00, 4.9, 324476, 2.10339046055212009, 62.7, 187.600
8.00, 4.8, 324697, 2.49016471097935987, 62.8, 187.700
8.00, 4.9, 324924, 2.74257089079208027, 62.9, 186.600
8.00, 5.0, 325155, 2.49832933493122011, 62.9, 186.900
8.00, 4.9, 325368, 2.01802556175075010, 62.8, 186.700
8.00, 4.7, 325562, 2.45883151623452001, 62.7, 186.300
3.75, 4.7, 325742, 2.03838510774881021, 62.7, 188.200
4.00, 4.7, 325901, 3.43630577482942989, 62.8, 190.700
4.00, 4.6, 326050, 3.29234633875322036, 62.9, 191.600
4.00, 4.4, 326207, 1.91438367511723007, 62.9, 191.500
4.00, 4.4, 326371, 1.55365836257900991, 63.0, 193.000
4.00, 4.4, 326548, 2.11321887098435024, 62.8, 192.800
4.25, 4.3, 326743, 1.89683378620466958, 62.8, 193.600
4.25, 4.3, 326939, 2.12209368341407023, 62.9, 193.500
4.25, 4.4, 327140, 2.27475798765204029, 62.9, 193.800
4.25, 4.3, 327342, 2.87025677144829983, 63.1, 194.800
4.25, 4.2, 327528, 2.42496302403465025, 62.7, 194.900
4.50, 4.2, 327699, 2.42039295861358017, 62.7, 195.900
4.50, 4.1, 327848, 2.95574718908234013, 62.7, 196.300
4.75, 4.0, 327969, 4.17000041826154000, 62.7, 197.900
4.75, 4.1, 328085, 2.01327934554866994, 63.0, 199.300
4.75, 4.0, 328219, 1.96190007372538955, 62.9, 199.300
4.75, 4.0, 328364, 2.93200914809487978, 62.9, 200.300
5.00, 3.8, 328521, 2.98183255084012044, 62.9, 203.200
5.00, 4.0, 328692, 2.63211788853712036, 63.0, 204.200
5.00, 3.8, 328863, 2.11149391449984991, 63.0, 204.300
5.00, 3.8, 329040, 2.29671128678510028, 62.6, 203.400
5.25, 3.7, 329216, 2.33372335554622046, 62.8, 203.600
5.25, 3.8, 329379, 2.60626268747923007, 62.9, 204.600
5.50, 3.8, 329527, 3.72376360170077048, 62.9, 202.300
5.50, 3.9, 329659, 2.91177701505443043, 63.0, 201.000
5.50, 4.0, 329766, 2.88960472562633974, 63.1, 199.100
5.50, 3.8, 329862, 2.97821762626108999, 63.1, 199.200
5.50, 3.8, 329977, 3.21024114832287033, 63.0, 200.800
5.50, 3.7, 330103, 2.82946232379089002, 62.8, 202.100
5.50, 3.6, 330240, 2.55853514567627949, 62.9, 201.700
5.50, 3.6, 330393, 2.96310499495168989, 63.0, 200.300
5.25, 3.7, 330553, 3.20088881178510976, 63.1, 200.700
5.25, 3.6, 330729, 2.62575663098745027, 63.1, 199.200
5.00, 3.5, 330904, 2.50440284645774058, 63.2, 198.400
5.00, 3.6, 331066, 2.67072730886815002, 63.3, 198.600
5.00, 3.6, 331213, 3.27785810135185951, 63.3, 199.000
5.00, 3.6, 331345, 2.52541708194375980, 63.3, 199.000
4.50, 3.6, 331443, 3.73900290493837995, 63.3, 199.300
4.50, 3.5, 331525, 2.87314075414152992, 63.3, 196.700
4.50, 4.4, 331642, 2.96611597454438991, 62.6, 193.100
4.50, 14.8,3316990,2.051410451110499800,60.10,185.500,
4.50, 13.2,3317010,3.042340959528620380,60.80,188.600,
4.50, 11.0,3317440,1.630379944261699960,61.50,191.200,
4.50, 10.2,3318110,4.126443012230460280,61.50,193.000,
4.50, 8.4, 331885, 2.56425045725699041, 61.7, 194.300
4.50, 7.8, 331966, 1.09289511329195999, 61.5, 195.500
4.50, 6.8, 332041, 1.79186100386308023, 61.7, 196.500
4.50, 6.7, 332079, 1.36409877769683008, 61.5, 198.300
4.50, 6.7, 332062, 1.40126243037698983, 61.5, 200.500
4.50, 6.4, 332007, 1.17126192381685001, 61.3, 204.800
4.50, 6.2, 331983, 2.79187179404496000, 61.4, 210.600
4.50, 6.1, 332023, 2.45230811885554978, 61.5, 215.000
4.50, 6.1, 332089, 2.90626910167791008, 61.6, 217.900
4.50, 5.8, 332161, 3.25571552598808989, 61.5, 224.900
4.50, 5.9, 332249, 3.75085967160497979, 61.7, 228.900
4.50, 5.4, 332375, 3.03001455558991006, 61.8, 231.850
4.50, 5.1, 332506, 4.05292067237106046, 61.8, 233.415
4.50, 4.7, 332610, 4.93068961392651062, 61.7, 235.678
4.50, 4.5, 332708, 6.58162335190871062, 61.8, 240.465
4.50, 4.1, 332806, 5.92197752452098847, 61.9, 243.287
4.50, 3.9, 332891, 4.86424346054244072, 62.0, 241.338
4.50, 4.0, 332933, 6.73598572134308959, 62.2, 246.453
4.75, 3.8, 332972, 6.37518816583601922, 62.2, 252.660
4.25, 3.6, 333067, 6.22131864885611030, 62.3, 260.014
4.75, 3.7, 333191, 6.92388263628694034, 62.2, 265.310
4.75, 3.6, 333317, 7.58887877102441077, 62.3, 273.251
4.75, 3.6, 333451, 8.01045995451126025, 62.2, 280.251
6.25, 3.5, 333599, 5.98832618011915052, 62.1, 272.274
6.25, 3.6, 333762, 8.04803616793305920, 62.4, 269.546
7.00, 3.5, 333925, 7.72921604833855991, 62.3, 267.898
7.75, 3.6, 334071, 6.69366641779917959, 62.3, 265.061
7.75, 3.6, 334206, 5.91661658760608944, 62.1, 263.157
8.25, 3.5, 334326, 6.55462261476892838, 62.3, 257.897
8.50, 3.4, 334433, 7.40659988402694047, 62.4, 260.227
8.50, 3.6, 334544, 7.88049589496700165, 62.5, 258.669
8.75, 3.5, 334664, 4.62475076644841998, 62.6, 257.062
8.75, 3.4, 334792, 5.18616801348069156, 62.6, 256.908
8.75, 3.7, 334929, 4.83841780786020959, 62.6, 253.670
8.75, 3.6, 335080, 4.39642524892616038, 62.6, 253.860
9.00, 3.5, 335248, 2.49077584715135991, 62.6, 253.835
9.00, 3.8, 335431, 4.35897232415277003, 62.8, 257.680
9.00, 3.8, 335612, 5.21792092786128947, 62.8, 258.934
9.00, 3.8, 335773, 3.49795816925966019, 62.7, 255.192
9.00, 3.7, 335925, 5.12261495364029962, 62.8, 252.856
9.00, 3.7, 336070, 4.16012515068491151, 62.5, 249.866
9.00, 3.7, 336194, 6.54247711333595028, 62.5, 251.306
9.00, 3.9, 336306, 4.55815950379620993, 62.5, 254.926
9.00, 3.8, 336423, 4.32734565378700964, 62.7, 255.095
9.00, 3.9, 336550, 4.25132259006097968, 62.7, 256.978
9.00, 4.0, 336687, 3.01646901493071029, 62.5, 255.313
8.50, 4.1, 336839, 2.36466518194450970, 62.6, 255.914
8.50, 4.3, 337005, 3.80499824370928019, 62.7, 257.321
8.25, 4.2, 337185, 3.18039686786902021, 62.7, 255.430
8.50, 4.1, 337362, 4.14646127656875052, 62.7, 252.690
8.25, 4.1, 337521, 3.60736895679824965, 62.6, 253.162
